{
  "model_type": "softmax_linear",
  "feature_names": [
    "bpm_raw",
    "swing_pct",
    "level_confidence",
    "ambiguous"
  ],
  "classes": [
    0.5,
    1.0,
    2.0
  ],
  "weights": [
    [
      0.6194158298479495,
      -0.4377215475056999,
      0.2602108831001757,
      0.05948324172804204
    ],
    [
      -0.16887759092217883,
      0.7650686487974284,
      -0.4058879154352605,
      -0.07837276107213252
    ],
    [
      -0.45053823892577033,
      -0.3273471012917285,
      0.1456770323350851,
      0.018889519344090448
    ]
  ],
  "bias": [
    0.957000757417437,
    1.2799474783170328,
    -2.2369482357344666
  ],
  "feature_mean": [
    198.18432653061205,
    23.671836734693876,
    0.21532163265306103,
    0.4546938775510204
  ],
  "feature_std": [
    35.578145310430564,
    11.865645088283236,
    0.1654057355981436,
    0.49794312453194883
  ],
  "training_rows": 1225,
  "validation_rows": 306,
  "training_accuracy": 0.7420408163265306,
  "validation_accuracy": 0.7189542483660131
}